1,Archive 2001,2001rmlstandingsfinal.txt,1,0
2,Archive 2002,2002rmlstandingsfinal.txt,1,0
3,Archive 2003,2003rmlstandingsfinal.txt,1,0
4,Archive 2004,2004rmlstandingsfinal.txt,1,0
5,Archive 2005,2005rmlstandingsfinal.txt,1,0
6,Archive 2006,2006rmlstandingsfinal.txt,1,0
7,Archive 2007,2007rmlstandingsfinal.txt,1,0
8,League Final LZP file 2008,2008rm-11-15-2008.lzp,1,0
9,2009-2010 Trades,rml2009-10tradingreport.doc,1,0
10,2008-09 Trades,2008-09trades.doc,1,0
11,2011 Unowned Draft Results,2011unownedplayerdraftresultsbyteam.xls,1,0
12,2011 Waiver Draft Results,2011waiverdraft.xlsx,1,0
13,2010-11 Trades,2010-11trades.doc,1,0
14,2011 Minor League Draft Results,2011minorleaguedraftresults.doc,1,0
15,2011-12 Trades,2011-12firsttradingperiod.docx,1,0
16,2013 Unowned Draft Results,unowneddraftresults2013.xlsx,1,0
17,2013 Waiver Draft Results,2013rmlwaiverdraft.docx,1,0
18,2012-13 Trades,2012-13trades.docx,1,0
19,2013-14 Payroll/Roster Moves,payrollrostermoves.docx,1,0
20,2013-14 Unowned Players,2014unowneddraftplayers.xlsx,1,0
21,2014 Unowned Player Draft Results,unownedplayerdraftresults2014.xlsx,1,0
22,Unlimited Cutoff for RML 2014 Season,unlimitedcutoffsfor2014rmlseason.docx,1,0
23,2014 Schedule,rml2014schedule.xls,1,0
24,2014 Waiver Draft Results,2014waiverdraftresults.docx,1,0
25,2013-14 Trades,2013-14trades.docx,1,0
26,RML Constitution,rmlconstitutionworkcopy2-1-14.docx,1,0
27,2014-15 Free Agents,2015freeagents.xlsx,1,0
28,2014-15 Roster/Payroll Activity,payroll-rostermoves2014-15.docx,1,0
29,2015 Unowned List,2015unowned.xlsx,1,0
30,2014-15 Trades,rml2014-15trades.docx,1,0
31,2015 Draft Order,2015draftorder.docx,1,0
32,2015 Waiver Draft Eligible,2015waiverdrafteligible.xlsx,1,0
33,2015 Waiver Draft Results,2015waiverdraft.docx,1,0
34,2015 Hitters Usage,beta2015hittersusage.xlsx,1,0
35,2015 Pitchers Usage,2015pitchersusage.xls,1,0
36,RML Master Roster,rmlmasterroster.xls,1,1
37,Current Money Totals,currentmoneytotals.doc,1,1
